id;event_type;event_time;ip_address;description
1;pink;2025-02-04T06:33:42;glider;diligently about
2;fooey;2025-02-04T14:40:09;after pop;idle
3;ack truthfully yowza;2025-02-03T23:05:51;but;justly
4;however;2025-02-04T20:58:22;babushka fairly duh;fooey membership
5;object impeccable overdub;2025-02-04T07:20:53;unless save;cruel
6;alongside amongst;2025-02-04T12:17:21;embed speedily;westernise puff
7;qua via concerning;2025-02-04T19:16:38;even rejoin;technician mid actual
8;what;2025-02-03T23:50:28;woot;ouch immediate brr
9;however;2025-02-04T02:30:52;yuck yowza for;revoke atop premeditation
10;warped unnaturally;2025-02-04T07:41:15;colorful superficial vibration;repurpose
